{"cameraMode":{"drawMode":0,"name":"Shaded","section":"Shading Mode"},"sceneLighting":true,"audioPlay":false,"sceneViewState":{"showFog":true,"showMaterialUpdate":true,"showSkybox":true,"showFlares":true,"showImageEffects":true,"showParticleSystems":true},"in2DMode":false,"pivot":{"x":-25.786691665649415,"y":3.0875186920166017,"z":36.119144439697269},"rotation":{"x":0.1076279878616333,"y":0.0926283448934555,"z":-0.010072095319628716,"w":0.9898155331611633},"size":122.0701675415039,"orthographic":false}