{"cameraMode":{"drawMode":0,"name":"Shaded","section":"Shading Mode"},"sceneLighting":true,"audioPlay":false,"sceneViewState":{"showFog":true,"showMaterialUpdate":true,"showSkybox":true,"showFlares":true,"showImageEffects":true,"showParticleSystems":true},"in2DMode":false,"pivot":{"x":0.17526030540466309,"y":-0.2997879981994629,"z":14.544058799743653},"rotation":{"x":0.14676041901111604,"y":0.015143267810344696,"z":-0.0022471232805401088,"w":0.9890536665916443},"size":49.587825775146487,"orthographic":false}