{"cameraMode":{"drawMode":0,"name":"Shaded","section":"Shading Mode"},"sceneLighting":false,"audioPlay":false,"sceneViewState":{"showFog":true,"showMaterialUpdate":true,"showSkybox":false,"showFlares":true,"showImageEffects":true,"showParticleSystems":true},"in2DMode":false,"pivot":{"x":1.1920928955078126e-7,"y":0.505031943321228,"z":-0.0587552934885025},"rotation":{"x":-0.07921184599399567,"y":-0.7311160564422607,"z":0.08616270124912262,"w":-0.6721389889717102},"size":3.3144068717956545,"orthographic":false}